<?xml version="1.0" encoding="utf-8" ?>
<rss version="2.0">
    <channel>
        <title><![CDATA[속보 - 이티뉴스]]></title>
        <link>https://www.etnews.com</link>
        <description><![CDATA[대한민국 IT포털의 중심! 이티뉴스]]></description>
        <language>ko</language>
        <pubDate>Thu, 13 Aug 2020 21:00:40 +0900</pubDate>
        <lastBuildDate>Thu, 13 Aug 2020 21:00:40 +0900</lastBuildDate>
        <image>
            <title><![CDATA[속보 - 이티뉴스]]></title>
            <url>https://img.etnews.com/Et_2010/images/top/logo_sub.jpg</url>
            <link>https://www.etnews.com</link>
            <description></description>
        </image>
        <item>
            <title><![CDATA["개인에 불리한 공매도 폐지해야" vs "주가 거품없애는 순기능 봐야"]]></title>
            <link>https://www.etnews.com/20200813000369</link>
            <description><![CDATA[해외 공매도 규제와 비교해 우리나라 공매도 규제 수준은 북미나 유럽, 아시아권 국가들 중 미국이나 일본에 비해 강하다는 평가가 나왔다. 13일 오후 서울 중구 전국은행연합회관에서 공매도의 시장영향 및 바람직...]]></description>
            <author><![CDATA[김지혜]]></author>
            <guid>20200813000369</guid>
            <comments>https://www.etnews.com/20200813000369</comments>
            <pubDate>Thu, 13 Aug 2020 19:54:00 +0900</pubDate>
        </item>
        <item>
            <title><![CDATA[융기원, 경기도 소재부품장비산업 상생포럼 개최]]></title>
            <link>https://www.etnews.com/20200813000368</link>
            <description><![CDATA[차세대융합기술연구원(원장 주영창)은 제1회 경기도 소재·부품·장비산업 상생포럼을 개최했다고 13일 밝혔다. 이번 행사는 경기도의회 김장일 경제노동위원회 부위원장, 경기도 임문영 미래성장정책관, 융기원...]]></description>
            <author><![CDATA[이형두]]></author>
            <guid>20200813000368</guid>
            <comments>https://www.etnews.com/20200813000368</comments>
            <pubDate>Thu, 13 Aug 2020 19:50:00 +0900</pubDate>
        </item>
        <item>
            <title><![CDATA[이스트소프트, 2Q 매출액 215억6000만원, 순이익 18억3000만원]]></title>
            <link>https://www.etnews.com/20200813000367</link>
            <description><![CDATA[이스트소프트(대표 정상원)는 K-IFRS 연결재무제표 기준 2분기 매출액 215억6000만원, 분기 순이익 18억3000만원으로 집계됐다고 13일 공시했다. 2분기 실적은 전년 동기 대비 매출액이 18.6% 성장했고 분기 순이익...]]></description>
            <author><![CDATA[김지선]]></author>
            <guid>20200813000367</guid>
            <comments>https://www.etnews.com/20200813000367</comments>
            <pubDate>Thu, 13 Aug 2020 18:01:00 +0900</pubDate>
        </item>
        <item>
            <title><![CDATA[인섹시큐리티, 소나타입 '넥서스(Nexus) 플랫폼' 국내 출시… “오픈소스취약점, 라이선스위반, 악성코드탐지”]]></title>
            <link>https://www.etnews.com/20200813000366</link>
            <description><![CDATA[디지털포렌식·모바일포렌식·악성코드포렌식 전문업체 인섹시큐리티(대표 김종광)가 글로벌 보안기업 소나타입이 개발한 넥서스(Nexus) 플랫폼을 13일 국내 공식 출시했다고 밝혔다. 넥서스 플랫폼은 AI(인공지능...]]></description>
            <author><![CDATA[이준희]]></author>
            <guid>20200813000366</guid>
            <comments>https://www.etnews.com/20200813000366</comments>
            <pubDate>Thu, 13 Aug 2020 18:01:00 +0900</pubDate>
        </item>
        <item>
            <title><![CDATA[씨와이, '중소기업 클라우드 서비스 이용지원 사업' 공급기업 선정]]></title>
            <link>https://www.etnews.com/20200813000365</link>
            <description><![CDATA[글로벌 서비스형소프트웨어(SaaS) 선도기업 씨와이(대표 조영득)가 정보통신산업진흥원(NIPA)가 추진하는 중소기업 클라우드 서비스 이용 지원(바우처) 사업의 공급기업으로 선정됐다. 이 사업은 국내 중소기업을...]]></description>
            <author><![CDATA[안수민]]></author>
            <guid>20200813000365</guid>
            <comments>https://www.etnews.com/20200813000365</comments>
            <pubDate>Thu, 13 Aug 2020 17:54:00 +0900</pubDate>
        </item>
        <item>
            <title><![CDATA[KT전남·전북광역본부, 집중호우 수해 현장 피해 복구 봉사활동]]></title>
            <link>https://www.etnews.com/20200813000364</link>
            <description><![CDATA[KT전남·전북광역본부(본부장 서창석)는 집중호우로 인해 침수 피해를 입은 구례 지역에서 KT사랑의봉사단 20여명이 참여해 피해 복구 봉사활동을 펼쳤다고 13일 밝혔다. KT사랑의봉사단은 큰 침수 피해를 입은 구례...]]></description>
            <author><![CDATA[김한식]]></author>
            <guid>20200813000364</guid>
            <comments>https://www.etnews.com/20200813000364</comments>
            <pubDate>Thu, 13 Aug 2020 17:53:00 +0900</pubDate>
        </item>
        <item>
            <title><![CDATA[노영민·김외숙 사표 사실상 반려...청와대 “수석급 이상 인사 일단락”]]></title>
            <link>https://www.etnews.com/20200813000363</link>
            <description><![CDATA[문재인 대통령이 노영민 대통령 비서실장과 김외숙 청와대 인사수석의 사표를 사실상 반려했다. 청와대 핵심관계자는 13일 기자들과 만나 “청와대 수석급 인사는 일단락 됐다고 보면 된다”고 말했다. 노 실장을 비...]]></description>
            <author><![CDATA[안영국]]></author>
            <guid>20200813000363</guid>
            <comments>https://www.etnews.com/20200813000363</comments>
            <pubDate>Thu, 13 Aug 2020 17:48:00 +0900</pubDate>
        </item>
        <item>
            <title><![CDATA[롯데지주, 이동우 사장 신임 대표이사 선임…황각규 용퇴]]></title>
            <link>https://www.etnews.com/20200813000362</link>
            <description><![CDATA[황각규 롯데지주 대표이사 부회장이 사임하고 이동우 전 롯데하이마트 대표이사 사장이 후임으로 전격 발탁됐다. 코로나 팬데믹이 장기화 조짐을 보이는 등 어려운 경영환경이 지속될 것으로 전망됨에 따라 그룹의...]]></description>
            <author><![CDATA[이주현]]></author>
            <guid>20200813000362</guid>
            <comments>https://www.etnews.com/20200813000362</comments>
            <pubDate>Thu, 13 Aug 2020 17:46:00 +0900</pubDate>
        </item>
        <item>
            <title><![CDATA[개미가 끌어올린 주식시장…생보사, 2Q 순이익 상승]]></title>
            <link>https://www.etnews.com/20200813000361</link>
            <description><![CDATA[국내 대형 생명보험사의 2분기 실적이 개선됐다. 개인 투자자가 국내 증시를 끌어올리는 등 연일 코스피 지수가 2400을 크게 웃돌면서 수익성이 개선된 영향이다. 삼성생명은 13일 IR(기업설명회)를 열고 올 상반기...]]></description>
            <author><![CDATA[박윤호]]></author>
            <guid>20200813000361</guid>
            <comments>https://www.etnews.com/20200813000361</comments>
            <pubDate>Thu, 13 Aug 2020 17:30:00 +0900</pubDate>
        </item>
        <item>
            <title><![CDATA[전남 사회적경제기업 제품 '크라우드펀딩' 쇼핑몰 입점]]></title>
            <link>https://www.etnews.com/20200813000360</link>
            <description><![CDATA[전남도는 코로나19 여파로 판로 확보가 어려운 도내 사회적경제기업을 위해 온라인 크라우드펀딩 쇼핑몰 입점을 추진키로 했다고 13일 밝혔다. 크라우드펀딩은 자금을 필요로 한 기업이 온라인을 기반으로 불특정...]]></description>
            <author><![CDATA[고광민]]></author>
            <guid>20200813000360</guid>
            <comments>https://www.etnews.com/20200813000360</comments>
            <pubDate>Thu, 13 Aug 2020 17:27:00 +0900</pubDate>
        </item>
        <item>
            <title><![CDATA[삼성디스플레이 임직원 200여명, 삼성전자 반도체로 전환배치]]></title>
            <link>https://www.etnews.com/20200813000359</link>
            <description><![CDATA[삼성디스플레이 일부 임직원이 삼성전자로 전환 배치됐다. 13일 업계에 따르면 최근 삼성디스플레이 직원 200여명이 삼성전자 반도체 사업부로 이동했다. 삼성디스플레이는 사업 효율화 차원에서 내년부터 LCD TV 패...]]></description>
            <author><![CDATA[윤희석]]></author>
            <guid>20200813000359</guid>
            <comments>https://www.etnews.com/20200813000359</comments>
            <pubDate>Thu, 13 Aug 2020 17:14:00 +0900</pubDate>
        </item>
        <item>
            <title><![CDATA[포스코, 흑연 쾌삭강 판매]]></title>
            <link>https://www.etnews.com/20200813000358</link>
            <description><![CDATA[포스코는 친환경 흑연 쾌삭강(PosGRAM)을 양산, 판매한다고 13일 밝혔다. 쾌삭강은 선재 제품 가운데 하나다. 절삭면이 깨끗하고 빠르게 잘린다. 복잡한 형상이거나 치수 정밀도가 중요한 자동차, 전기·전자 및 사...]]></description>
            <author><![CDATA[류태웅]]></author>
            <guid>20200813000358</guid>
            <comments>https://www.etnews.com/20200813000358</comments>
            <pubDate>Thu, 13 Aug 2020 17:07:00 +0900</pubDate>
        </item>
        <item>
            <title><![CDATA[이통 3사, 교외지역 '로밍' 방식 5G 공동이용 확정···이달말 TF 공식 출범]]></title>
            <link>https://www.etnews.com/20200813000309</link>
            <description><![CDATA[SK텔레콤, KT, LG유플러스가 농어촌 등 교외 지역에서 로밍 방식으로 5세대(5G) 이동통신 기지국을 공동 이용한다. 이통 3사가 모두 참여하는 전국 단위의 통신망 로밍은 역대 최초이자 이통사 간 최대 규모 협력...]]></description>
            <author><![CDATA[박지성]]></author>
            <guid>20200813000309</guid>
            <comments>https://www.etnews.com/20200813000309</comments>
            <pubDate>Thu, 13 Aug 2020 17:00:00 +0900</pubDate>
        </item>
        <item>
            <title><![CDATA[[뉴스해설]이통사 '5G 로밍' 효과와 과제는]]></title>
            <link>https://www.etnews.com/20200813000274</link>
            <description><![CDATA[SK텔레콤·KT·LG유플러스의 농어촌 등 교외지역 5세대(5G) 이동통신 로밍은 망 이용 효율화가 첫 번째 목적이다. 5G 주파수 특성상 모든 국민에게 서비스를 제공하기 위한 불가피한 선택으로, 투자 효율화와 확대...]]></description>
            <author><![CDATA[박지성]]></author>
            <guid>20200813000274</guid>
            <comments>https://www.etnews.com/20200813000274</comments>
            <pubDate>Thu, 13 Aug 2020 17:00:00 +0900</pubDate>
        </item>
        <item>
            <title><![CDATA[[전문가 기고]시스템반도체 인력난, 근본 해결책 찾아야]]></title>
            <link>https://www.etnews.com/20200813000231</link>
            <description><![CDATA[최근 시스템반도체 중소기업 대표들은 착잡한 심정이다. 전문연구요원으로 채용돼 1년 6개월 동안 실무 교육을 통해 양성된 직원들이 국내 반도체 대기업 신입 공채에 지원한다는 소문 때문이다. 시스템반도체 분야...]]></description>
            <author><![CDATA[강해령]]></author>
            <guid>20200813000231</guid>
            <comments>https://www.etnews.com/20200813000231</comments>
            <pubDate>Thu, 13 Aug 2020 17:00:00 +0900</pubDate>
        </item>
        <item>
            <title><![CDATA[[ET단상]코로나19와 화학사고 대응의 공통점]]></title>
            <link>https://www.etnews.com/20200813000208</link>
            <description><![CDATA[한 치 앞도 보이지 않는다. 지금의 코로나19 팬데믹은 수개월 전만 해도 상상할 수 없던 비극이다. 세계 각국에서 허둥댔다. 준비가 부족했다. 한편 이번 재난에 임하는 정부의 대응이 인상 깊다. 완벽하진 않지만...]]></description>
            <author><![CDATA[이경민]]></author>
            <guid>20200813000208</guid>
            <comments>https://www.etnews.com/20200813000208</comments>
            <pubDate>Thu, 13 Aug 2020 17:00:00 +0900</pubDate>
        </item>
        <item>
            <title><![CDATA[화려한 액션에 보는 재미까지 '섀도우 아레나' e스포츠 활기]]></title>
            <link>https://www.etnews.com/20200813000205</link>
            <description><![CDATA[펄어비스 액션 이용자간 대결(PVP) 게임 섀도우 아레나가 각종 대회를 진행하며 e스포츠 활기를 불어넣고 있다. 섀도우 아레나는 최후 1인을 가리는 액션 배틀로얄 게임이다. 1인칭 총싸움(FPS) 배틀 로얄과 달리...]]></description>
            <author><![CDATA[이현수]]></author>
            <guid>20200813000205</guid>
            <comments>https://www.etnews.com/20200813000205</comments>
            <pubDate>Thu, 13 Aug 2020 17:00:00 +0900</pubDate>
        </item>
        <item>
            <title><![CDATA[[ICT 시사용어]클라우드 게임]]></title>
            <link>https://www.etnews.com/20200813000173</link>
            <description><![CDATA[클라우드 게임은 중앙 클라우드 서버에 게임을 설치해 실행하고 스마트폰, TV, PC 등의 단말기에서 실시간 스트리밍 방식으로 재생하는 서비스를 의미한다. 이용자는 단말기에 전용 게임패드를 연결, 클라우드 서버...]]></description>
            <author><![CDATA[박지성]]></author>
            <guid>20200813000173</guid>
            <comments>https://www.etnews.com/20200813000173</comments>
            <pubDate>Thu, 13 Aug 2020 17:00:00 +0900</pubDate>
        </item>
        <item>
            <title><![CDATA[[기고]디지털 전환으로 산업 대전환 변곡점 넘어야]]></title>
            <link>https://www.etnews.com/20200813000168</link>
            <description><![CDATA[블랙스완을 연상시키는 코로나19 영향으로 비대면·비접촉, 디지털 혁신이 가속되고 있다. 여행, 숙박, 항공업은 물론 철강·자동차 등 주력산업까지 심각한 매출 감소와 불확실성에 노출됐다. 그러나 이런 상황에...]]></description>
            <author><![CDATA[윤희석]]></author>
            <guid>20200813000168</guid>
            <comments>https://www.etnews.com/20200813000168</comments>
            <pubDate>Thu, 13 Aug 2020 17:00:00 +0900</pubDate>
        </item>
        <item>
            <title><![CDATA[[ET투자뉴스]이화공영 20년2분기 실적 발표... 영업이익·순이익 모두 흑자 전환]]></title>
            <link>https://www.etnews.com/20200813000357</link>
            <description><![CDATA[8월 13일 이화공영(001840)의 2020년 2분기 개별 확정 실적이 발표됐다. 전년 동기 대비해서 매출액은 62.74% 늘어나서 445억원을 기록했다. 영업이익은 14.3억원으로 -10억원에서 흑자전환되었다. 당기순이익은 9.6...]]></description>
            <author><![CDATA[]]></author>
            <guid>20200813000357</guid>
            <comments>https://www.etnews.com/20200813000357</comments>
            <pubDate>Thu, 13 Aug 2020 16:59:15 +0900</pubDate>
        </item>
        <item>
            <title><![CDATA[[ET투자뉴스]신송홀딩스, 20년2분기 실적 발표]]></title>
            <link>https://www.etnews.com/20200813000355</link>
            <description><![CDATA[8월 13일 신송홀딩스(006880)의 2020년 2분기 연결 확정 실적이 발표됐다. 작년 같은 기간 대비해서 매출액은 4.83% 늘어나서 656억원을 기록했다. 영업이익은 20.6억원으로 -3.3억원에서 흑자전환되었다. 당기순이...]]></description>
            <author><![CDATA[]]></author>
            <guid>20200813000355</guid>
            <comments>https://www.etnews.com/20200813000355</comments>
            <pubDate>Thu, 13 Aug 2020 16:58:14 +0900</pubDate>
        </item>
        <item>
            <title><![CDATA[제약바이오협회, 'AI 신약개발 교육과정' 수강생 모집]]></title>
            <link>https://www.etnews.com/20200813000356</link>
            <description><![CDATA[제약바이오·정보기술(IT) 분야 종사자를 대상으로 인공지능(AI) 신약개발의 실무형 인재를 양성하기 위한 단기 집중교육 강좌가 개설됐다. 한국제약바이오협회(회장 원희목) 인공지능신약개발지원센터(센터장 김화...]]></description>
            <author><![CDATA[정현정]]></author>
            <guid>20200813000356</guid>
            <comments>https://www.etnews.com/20200813000356</comments>
            <pubDate>Thu, 13 Aug 2020 16:58:00 +0900</pubDate>
        </item>
        <item>
            <title><![CDATA[[ET투자뉴스]네오위즈, "매출 다변화에 따른…" BUY-대신증권]]></title>
            <link>https://www.etnews.com/20200813000354</link>
            <description><![CDATA[대신증권에서 12일 네오위즈(095660)에 대해 "매출 다변화에 따른 밸류에이션 리레이팅 전망"라며 투자의견을 'BUY'로 제시하였고, 아울러 목표주가로는 44,000원을 내놓았다. 대신증권 이민아 애널리스트가 동종목...]]></description>
            <author><![CDATA[]]></author>
            <guid>20200813000354</guid>
            <comments>https://www.etnews.com/20200813000354</comments>
            <pubDate>Thu, 13 Aug 2020 16:55:32 +0900</pubDate>
        </item>
        <item>
            <title><![CDATA[[ET투자뉴스]2020년 2분기 실적발표 프럼파스트, 전분기比 실적 상승]]></title>
            <link>https://www.etnews.com/20200813000353</link>
            <description><![CDATA[8월 13일 프럼파스트(035200)의 2020년 2분기 연결 확정 실적이 발표됐다. 전년 같은 기간 대비해서 매출액은 69억원으로 20.6% 감소했다. 그럼에도 영업이익은 65.41% 증가하여 6.1억원으로 발표됐다. 당기순이익...]]></description>
            <author><![CDATA[]]></author>
            <guid>20200813000353</guid>
            <comments>https://www.etnews.com/20200813000353</comments>
            <pubDate>Thu, 13 Aug 2020 16:55:19 +0900</pubDate>
        </item>
        <item>
            <title><![CDATA[[ET투자뉴스]동원시스템즈 20년2분기 실적, 매출액·영업이익 상승]]></title>
            <link>https://www.etnews.com/20200813000352</link>
            <description><![CDATA[8월 13일 동원시스템즈(014820)의 2020년 2분기 연결 확정 실적이 발표됐다. 매출액, 영업이익, 당기순이익 모두 전년 같은 기간 대비 증가했다. 매출액은 0.69%, 늘어난 2742억원으로 발표됐다. 영업이익과 당기순...]]></description>
            <author><![CDATA[]]></author>
            <guid>20200813000352</guid>
            <comments>https://www.etnews.com/20200813000352</comments>
            <pubDate>Thu, 13 Aug 2020 16:53:05 +0900</pubDate>
        </item>
        <item>
            <title><![CDATA[[ET투자뉴스]신세계인터내셔날, "주력 상품 매출은 …" BUY-대신증권]]></title>
            <link>https://www.etnews.com/20200813000351</link>
            <description><![CDATA[대신증권에서 13일 신세계인터내셔날(031430)에 대해 "주력 상품 매출은 점진적으로 회복되고 있어..."라며 투자의견을 'BUY'로 제시하였고, 아울러 목표주가로는 180,000원을 내놓았다. 대신증권 유정현 애널리스트...]]></description>
            <author><![CDATA[]]></author>
            <guid>20200813000351</guid>
            <comments>https://www.etnews.com/20200813000351</comments>
            <pubDate>Thu, 13 Aug 2020 16:51:23 +0900</pubDate>
        </item>
        <item>
            <title><![CDATA[[ET투자뉴스]SBI인베스트먼트 20년2분기 실적 발표... 전분기比 매출액·영업이익 감소]]></title>
            <link>https://www.etnews.com/20200813000350</link>
            <description><![CDATA[8월 13일 SBI인베스트먼트(019550)의 2020년 2분기 개별 확정 실적이 발표됐다. 작년 동기 대비해서 매출액, 영업이익, 당기순이익 모두 감소하였다. 매출액은 42.77% 감소한 42억원을, 영업이익은 72.61% 감소하여...]]></description>
            <author><![CDATA[]]></author>
            <guid>20200813000350</guid>
            <comments>https://www.etnews.com/20200813000350</comments>
            <pubDate>Thu, 13 Aug 2020 16:51:11 +0900</pubDate>
        </item>
        <item>
            <title><![CDATA[[ET투자뉴스]덕산네오룩스, "Flexible O…" BUY-대신증권]]></title>
            <link>https://www.etnews.com/20200813000349</link>
            <description><![CDATA[대신증권에서 13일 덕산네오룩스(213420)에 대해 "Flexible OLED 수요는 견조하다"라며 투자의견을 'BUY'로 제시하였고, 아울러 목표주가로는 46,000원을 내놓았다. 대신증권 이수빈 애널리스트가 동종목에 대하여...]]></description>
            <author><![CDATA[]]></author>
            <guid>20200813000349</guid>
            <comments>https://www.etnews.com/20200813000349</comments>
            <pubDate>Thu, 13 Aug 2020 16:49:18 +0900</pubDate>
        </item>
        <item>
            <title><![CDATA[[ET투자뉴스]DB손해보험, "오랜만이다, 어닝서…" BUY-대신증권]]></title>
            <link>https://www.etnews.com/20200813000348</link>
            <description><![CDATA[대신증권에서 13일 DB손해보험(005830)에 대해 "오랜만이다, 어닝서프라이 즈"라며 투자의견을 'BUY'로 제시하였고, 아울러 목표주가로는 65,000원을 내놓았다. 대신증권 박혜진 애널리스트가 동종목에 대하여 이번...]]></description>
            <author><![CDATA[]]></author>
            <guid>20200813000348</guid>
            <comments>https://www.etnews.com/20200813000348</comments>
            <pubDate>Thu, 13 Aug 2020 16:47:27 +0900</pubDate>
        </item>
        <item>
            <title><![CDATA[[ET투자뉴스]경인양행, 20년2분기 실적 발표]]></title>
            <link>https://www.etnews.com/20200813000347</link>
            <description><![CDATA[8월 13일 경인양행(012610)의 2020년 2분기 연결 확정 실적이 발표됐다. 매출액은 전년 동기 대비해서 33.57% 감소하여 715억원라고 발표됐다. 영업이익은 92.24% 하락하여 7.2억원을 기록했다. 당기순이익은 -29.7...]]></description>
            <author><![CDATA[]]></author>
            <guid>20200813000347</guid>
            <comments>https://www.etnews.com/20200813000347</comments>
            <pubDate>Thu, 13 Aug 2020 16:47:14 +0900</pubDate>
        </item>
    </channel>
</rss>
