<?xml version="1.0" encoding="UTF-8"?>
<!DOCTYPE mapper
  PUBLIC "-//mybatis.org//DTD Mapper 3.0//EN"
  "http://mybatis.org/dtd/mybatis-3-mapper.dtd">
 <mapper namespace="com.ssafy.model.dao.TodoDAO">
 	<insert id="insertTodo" parameterType="Todo">
 		insert into todolist(content,userid,write_date,end_date,done)
 		values(#{content},#{userId},#{writeDate},#{endDate},#{done})
 	</insert>
 	
 	<update id="updateTodo" parameterType="Todo">
 		update todolist 
 		set content=#{content},
 			userid=#{userid},
 			end_date=#{end_date},
 			done=#{done}
 		where no=#{no}
 	</update>
 	
 	<delete id="deleteTodo" parameterType="int">
 		delete from todolist where no=#{no}
 	</delete>
 	
 	<select id="selectTodoList" parameterType="String" resultMap="TodoResultMap">
		select *
 		from todolist 
 		where  userid= #{userId}
 	</select>
 	
 	<select id="selectTodo" parameterType="int" resultType="Todo">
		select *
 		from todolist 
 		where  no = #{no} 
 	</select>
 	
 	<delete id="deleteTodoList" parameterType="String">
 		delete from todolist where userid=#{userId}
 	</delete>
 	
 	<update id="updateTodoDone">
 		update todolist 
		set done="Y"
		where no=#{no}
 	</update>
 	
 </mapper>
 
 
 
 
 
 
 
 
 
 
 
 
 
 
 
 
 