<?xml version="1.0" encoding="UTF-8"?>
<!DOCTYPE mapper
  PUBLIC "-//mybatis.org//DTD Mapper 3.0//EN"
  "http://mybatis.org/dtd/mybatis-3-mapper.dtd">
<mapper namespace="com.ssafy.model.dao.TodoDAO">

	<resultMap type="Todo" id="TodoResultMap">
		<id column="no" property="no" />
		<result column="content" property="content" />
		<result column="userid" property="userId" />
		<result column="write_date" property="writeDate" />
		<result column="end_date" property="endDate" />
		<result column="done" property="done" />
		
	</resultMap>

	<insert id="insertTodo" parameterType="Todo">
		insert into todolist(content, userid, write_date, end_date, done) 
		values (#{content}, #{userId}, #{writeDate}, #{endDate}, 'N')
	</insert>
	
	<update id="updateTodo" parameterType="Todo">
		update todolist
		set content=#{content}, userid=#{userId}, write_date=#{writeDate},
		end_date=#{endDate}, done=#{done}
		where no=#{no}
	</update>
	
	<delete id="deleteTodo" parameterType="int">
		delete from todolist
		where no=#{no}
	</delete>
	
	<select id="selectTodoList" parameterType="String" resultMap="TodoResultMap">
		select *
		from todolist
		where userid=#{value}
	</select>
	
	<select id="selectTodo" parameterType="int" resultMap="TodoResultMap">
		select *
		from todolist 
		where no=#{no}
	</select>
	
	<delete id="deleteTodoList" parameterType="String">
		delete from todolist
		where userid=#{value}
	</delete>
	
	<update id="updateTodoDone" parameterType="int">
		update todolist
		set done='Y'
		where no=#{no}
	</update>
</mapper>



