<?xml version="1.0" encoding="UTF-8"?>
<scheduleList>
	<date>2020-09-16</date>
	<total>7</total>
	<schedules>
		<schedule no="1">
			<time>08:00</time>
			<price>5000</price>
		</schedule>
		<schedule no="2">
			<time>10:00</time>
			<price>8000</price>
		</schedule>
		<schedule no="3">
			<time>12:00</time>
			<price>8000</price>
		</schedule>
		<schedule no="4">
			<time>14:00</time>
			<price>8000</price>
		</schedule>
		<schedule no="5">
			<time>16:00</time>
			<price>8000</price>
		</schedule>
		<schedule no="6">
			<time>19:00</time>
			<price>10000</price>
		</schedule>
		<schedule no="7">
			<time>21:00</time>
			<price>10000</price>
		</schedule>
	</schedules>
</scheduleList>