<?xml version="1.0" encoding="UTF-8"?>
<scheduleList>
	<date>2020-09-17</date>
	<total>5</total>
	<schedules>
		<schedule no="1">
			<time>08:30</time>
			<price>5000</price>
		</schedule>
		<schedule no="2">
			<time>11:30</time>
			<price>8000</price>
		</schedule>
		<schedule no="3">
			<time>14:00</time>
			<price>8000</price>
		</schedule>
		<schedule no="4">
			<time>17:00</time>
			<price>8000</price>
		</schedule>
		<schedule no="5">
			<time>20:00</time>
			<price>9000</price>
		</schedule>
	</schedules>
</scheduleList>